,pl_hostname,st_optmag,pl_radj,pl_bmassj,pl_def_refname,pl_disc_refname,pl_pelink
2803,HD 219134,5.57,0.144,0.05088,Gillon et al. 2017,Motalebi et al. 2015,http://exoplanet.eu/catalog/hd_219134_d/
2802,HD 219134,5.57,0.135,0.01372,Gillon et al. 2017,Motalebi et al. 2015,http://exoplanet.eu/catalog/hd_219134_c/
2801,HD 219134,5.57,0.143,0.01491,Gillon et al. 2017,Motalebi et al. 2015,http://exoplanet.eu/catalog/hd_219134_b/
313,HN Peg,5.95,1.051,21.9987,Luhman et al. 2007,Luhman et al. 2007,http://exoplanet.eu/catalog/hn_peg_b/
128,HR 8799,5.953,1.2,10,Marois et al. 2008,Marois et al. 2008,http://exoplanet.eu/catalog/hr_8799_c/
3133,HR 8799,5.953,1.2,10,Marois et al. 2008,Marois et al. 2008,http://exoplanet.eu/catalog/hr_8799_d/
127,HR 8799,5.953,1.2,7,Marois et al. 2008,Marois et al. 2008,http://exoplanet.eu/catalog/hr_8799_b/
303,55 Cnc,5.96,0.17,0.02542,Demory et al. 2016,McArthur et al. 2004,http://exoplanet.eu/catalog/55_cnc_e/
3399,HR 2562,6.11,1.11,30,Konopacky et al. 2016,Konopacky et al. 2016,http://exoplanet.eu/catalog/hr_2562_b/
3493,HIP 65426,6.982,1.5,9,Chauvin et al. 2017,Chauvin et al. 2017,http://exoplanet.eu/catalog/hip_65426/
1213,HD 114762,7.301,1.11,10.98,Kane et al. 2011,Latham et al. 1989,http://exoplanet.eu/catalog/hd_114762_b/
51,HD 97658,7.71,0.209,0.02473,Dragomir et al. 2013,Howard et al. 2011,http://exoplanet.eu/catalog/hd_97658_b/
3489,KELT-11,8.037,1.37,0.195,Pepper et al. 2017,Pepper et al. 2017,http://exoplanet.eu/catalog/kelt-11_b/
1771,WASP-33,8.142,1.497,4.1,Collier Cameron et al. 2010,Collier Cameron et al. 2010,http://exoplanet.eu/catalog/wasp-33_b/
1316,HD 149026,8.15,0.813,0.368,Carter et al. 2009,Sato et al. 2005,http://exoplanet.eu/catalog/hd_149026_b/
1279,HD 17156,8.172,1.02,3.22,Barbieri et al. 2009,Fischer et al. 2007,http://exoplanet.eu/catalog/hd_17156_b/
95,Kepler-21,8.25,0.146,0.01598,Lopez-Morales et al. 2016,Howell et al. 2011,http://exoplanet.eu/catalog/kepler-21_b/
2824,KELT-7,8.54,1.533,1.28,Bieryla et al. 2015,Bieryla et al. 2015,http://exoplanet.eu/catalog/kelt-7_b/
131,KELT-2 A,8.713,1.286,1.522,Beatty et al. 2012,Beatty et al. 2012,http://exoplanet.eu/catalog/kelt-2a_b/
3395,HD 3167,8.94,0.269,0.03083,Christiansen et al. 2017,Vanderburg et al. 2016,http://exoplanet.eu/catalog/hd_3167_c/
3394,HD 3167,8.94,0.152,0.01579,Christiansen et al. 2017,Vanderburg et al. 2016,http://exoplanet.eu/catalog/hd_3167_b/
3118,HD 80606,9.001,0.98,3.94,Pont et al. 2009,Naef et al. 2001,http://exoplanet.eu/catalog/hd_80606_b/
3400,KELT-17,9.286,1.525,1.31,Zhou et al. 2016,Zhou et al. 2016,http://exoplanet.eu/catalog/kelt-17_b/
2060,WASP-18,9.303,1.165,10.43,Hellier et al. 2009,Hellier et al. 2009,http://exoplanet.eu/catalog/wasp-18_b/
3028,HD 63454,9.37,1.098,0.398,Kane et al. 2011,Moutou et al. 2005,http://exoplanet.eu/catalog/hd_63454_b/
2105,WASP-38,9.447,1.094,2.691,Barros et al. 2010,Barros et al. 2010,http://exoplanet.eu/catalog/wasp-38_b/
135,HAT-P-11,9.472,0.422,0.081,Bakos et al. 2010,Bakos et al. 2010,http://exoplanet.eu/catalog/hat-p-11_b/
473,WASP-76,9.5,1.83,0.92,West et al. 2016,West et al. 2016,http://exoplanet.eu/catalog/wasp-76_b/
1780,WASP-7,9.51,1.33,0.96,Hellier et al. 2008,Hellier et al. 2008,http://exoplanet.eu/catalog/wasp-7_b/
2826,WASP-74,9.7,1.56,0.95,Hellier et al. 2015,Hellier et al. 2015,http://exoplanet.eu/catalog/wasp-74_b/
161,Kepler-37,9.705,0.173,0.03839,Marcy et al. 2014,Barclay et al. 2013,http://exoplanet.eu/catalog/kepler-37_d/
160,Kepler-37,9.705,0.067,0.03776,Marcy et al. 2014,Barclay et al. 2013,http://exoplanet.eu/catalog/kepler-37_c/
159,Kepler-37,9.705,0.029,0.03146,Marcy et al. 2014,Barclay et al. 2013,http://exoplanet.eu/catalog/kepler-37_b/
1593,Ross 458,9.72,1.22,6.28536,Burgasser et al. 2010,Burgasser et al. 2010,http://exoplanet.eu/catalog/ross_458_%28ab%29_c/
1344,HAT-P-22,9.732,1.08,2.147,Bakos et al. 2010,Bakos et al. 2010,http://exoplanet.eu/catalog/hat-p-22_b/
2057,WASP-14,9.75,1.281,7.341,Joshi et al. 2009,Joshi et al. 2009,http://exoplanet.eu/catalog/wasp-14_b/
2052,WASP-8,9.79,1.038,2.244,Queloz et al. 2010,Queloz et al. 2010,http://exoplanet.eu/catalog/wasp-8_b/
2126,WASP-69,9.87,1.057,0.26,Anderson et al. 2014,Anderson et al. 2014,http://exoplanet.eu/catalog/wasp-69_b/
3135,KELT-3,9.873,1.345,1.477,Pepper et al. 2013,Pepper et al. 2013,http://exoplanet.eu/catalog/kelt-3_b/
249,Kepler-93,9.931,0.132,0.01265,Dressing et al. 2015,Marcy et al. 2014,http://exoplanet.eu/catalog/kepler-93_b/
149,KOI-13,9.958,1.512,9.28,Esteves et al. 2015,Borucki et al. 2011,http://exoplanet.eu/catalog/kepler-13_a_b/
3324,WASP-136,9.98,1.38,1.51,Lam et al. 2016,Lam et al. 2016,http://exoplanet.eu/catalog/wasp-136_b/
1619,KELT-4 A,9.98,1.699,0.902,Eastman et al. 2016,Eastman et al. 2016,http://exoplanet.eu/catalog/kelt-4a_b/
1237,HAT-P-14,9.98,1.15,2.232,Torres et al. 2010,Torres et al. 2010,http://exoplanet.eu/catalog/hat-p-14_b/
211,Kepler-68,9.99,0.208,0.01878,Marcy et al. 2014,Gilliland et al. 2013,http://exoplanet.eu/catalog/kepler-68_b/
212,Kepler-68,9.99,0.089,0.02265,Marcy et al. 2014,Gilliland et al. 2013,http://exoplanet.eu/catalog/kepler-68_c/
3259,HAT-P-67,10.069,2.085,0.34,Zhou et al. 2017,Zhou et al. 2017,http://exoplanet.eu/catalog/hat-p-67_b/
1782,WASP-79,10.1,2.09,0.9,Smalley et al. 2012,Smalley et al. 2012,http://exoplanet.eu/catalog/wasp-79_b/
1783,WASP-82,10.1,1.67,1.24,West et al. 2016,Smith 2015,http://exoplanet.eu/catalog/wasp-82_b/
1784,WASP-94 A,10.1,1.72,0.452,Neveu-VanMalle et al. 2014,Neveu-VanMalle et al. 2014,http://exoplanet.eu/catalog/wasp-94_a_b/
3310,WASP-131,10.1,1.22,0.27,Hellier et al. 2016,Hellier et al. 2016,http://exoplanet.eu/catalog/wasp-131_b/
3422,KELT-18,10.117,1.57,1.18,McLeod et al. 2017,McLeod et al. 2017,http://exoplanet.eu/catalog/kelt-18_b/
2196,WASP-117,10.15,1.021,0.2755,Lendl et al. 2014,Lendl et al. 2014,http://exoplanet.eu/catalog/wasp-117_b/
3323,WASP-127,10.15,1.37,0.18,Lam et al. 2016,Lam et al. 2016,http://exoplanet.eu/catalog/wasp-127_b/
125,HIP 116454,10.19,0.226,0.037,Vanderburg et al. 2015,Vanderburg et al. 2015,http://exoplanet.eu/catalog/hip_116454_b/
2571,XO-6,10.25,2.07,4.4,Crouzet et al. 2016,Crouzet et al. 2016,http://exoplanet.eu/catalog/xo-6_b/
252,Kepler-96,10.297,0.238,0.027,Marcy et al. 2014,Marcy et al. 2014,http://exoplanet.eu/catalog/kepler-96_b/
1233,HAT-P-8,10.3,1.5,1.52,Latham et al. 2009,Latham et al. 2009,http://exoplanet.eu/catalog/hat-p-8_b/
2182,WASP-77 A,10.3,1.21,1.76,Maxted et al. 2013,Maxted et al. 2013,http://exoplanet.eu/catalog/wasp-77_a_b/
1778,WASP-62,10.3,1.39,0.57,Hellier et al. 2012,Hellier et al. 2012,http://exoplanet.eu/catalog/wasp-62_b/
2882,HAT-P-49,10.326,1.413,1.73,Bieryla et al. 2014,Bieryla et al. 2014,http://exoplanet.eu/catalog/hat-p-49_b/
3109,HAT-P-1,10.34,1.319,0.525,Nikolov et al. 2014,"Bakos et al., 2007",http://exoplanet.eu/catalog/hat-p-1_b/
2071,WASP-34,10.4,1.22,0.59,Smalley et al. 2011,Smalley et al. 2011,http://exoplanet.eu/catalog/wasp-34_b/
132,KELT-6,10.418,1.18,0.442,Damasso et al. 2015,Collins et al. 2014,http://exoplanet.eu/catalog/kelt-6_b/
1412,HAT-P-30,10.419,1.34,0.711,Johnson et al. 2011,Johnson et al. 2011,http://exoplanet.eu/catalog/hat-p-30-wasp-51_b/
2115,WASP-54,10.42,1.653,0.636,Faedi et al. 2013,Faedi et al. 2013,http://exoplanet.eu/catalog/wasp-54_b/
2056,WASP-13,10.42,1.389,0.477,Barros et al. 2012,Skillen et al. 2009,http://exoplanet.eu/catalog/wasp-13_b/
2508,WASP-121,10.44,1.865,1.183,Delrez et al. 2016,Delrez et al. 2016,http://exoplanet.eu/catalog/wasp-121_b/
1232,HAT-P-6,10.44,1.33,1.057,Noyes et al. 2008,Noyes et al. 2008,http://exoplanet.eu/catalog/hat-p-6_b/
134,HAT-P-7,10.463,1.491,1.682,Wong et al. 2016,Pal et al. 2008,http://exoplanet.eu/catalog/hat-p-7_b/
351,HAT-P-57,10.465,1.413,1.85,Hartman et al. 2015,Hartman et al. 2015,http://exoplanet.eu/catalog/hat-p-57_b/
2048,WASP-3,10.5,1.4,1.98,Rostron et al. 2014,Pollacco et al. 2008,http://exoplanet.eu/catalog/wasp-3_b/
1781,WASP-73,10.5,1.16,1.88,Delrez et al. 2014,Delrez et al. 2014,http://exoplanet.eu/catalog/wasp-73_b/
1240,HAT-P-17,10.54,1.01,0.534,Howard et al. 2012,Howard et al. 2012,http://exoplanet.eu/catalog/hat-p-17_b/
2127,WASP-71,10.56,1.46,2.242,Smith et al. 2013,Smith et al. 2013,http://exoplanet.eu/catalog/wasp-71_b/
3488,KELT-12,10.59,1.78,0.95,Stevens et al. 2017,Stevens et al. 2017,http://exoplanet.eu/catalog/wasp-86_b/
1236,HAT-P-13,10.622,1.272,0.851,Winn et al. 2010,Bakos et al. 2009,http://exoplanet.eu/catalog/hat-p-13_b/
1133,GJ 436,10.67,0.372,0.07,Maciejewski et al. 2014,Butler et al. 2004,http://exoplanet.eu/catalog/gj_436_b/
1787,XO-4,10.674,1.33,1.78,Narita et al. 2010,McCullogh et al. 2008,http://exoplanet.eu/catalog/xo-4_b/
2062,WASP-20,10.68,1.462,0.311,Anderson et al. 2015,Anderson et al. 2015,http://exoplanet.eu/catalog/wasp-20_b/
2125,WASP-68,10.7,1.24,0.95,Delrez et al. 2014,Delrez et al. 2014,http://exoplanet.eu/catalog/wasp-68_b/
2577,KELT-1,10.701,1.11,27.23,Siverd et al. 2012,Siverd et al. 2012,http://exoplanet.eu/catalog/kelt-1_b/
3188,WASP-85 A,10.72,1.24,1.265,Mocnik et al. 2016,Mocnik et al. 2016,http://exoplanet.eu/catalog/wasp-85_b/
102,Kepler-25,10.734,0.242,0.0302,Marcy et al. 2014,Steffen et al. 2012,http://exoplanet.eu/catalog/kepler-25_b/
103,Kepler-25,10.734,0.464,0.0774,Marcy et al. 2014,Steffen et al. 2012,http://exoplanet.eu/catalog/kepler-25_c/
2967,WASP-70 A,10.79,1.164,0.59,Anderson et al. 2014,Anderson et al. 2014,http://exoplanet.eu/catalog/wasp-70a_b/
3215,WASP-126,10.8,0.96,0.28,Maxted et al. 2016,Maxted et al. 2016,http://exoplanet.eu/catalog/wasp-126_b/
1239,HAT-P-16,10.812,1.289,4.193,Buchhave et al. 2010,Buchhave et al. 2010,http://exoplanet.eu/catalog/hat-p-16_b/
2499,K2-39,10.83,0.509,0.12522,Petigura et al. 2017,Van Eylen et al. 2016,http://exoplanet.eu/catalog/k2-39_b/
3216,WASP-84,10.83,0.942,0.694,Anderson et al. 2014,Anderson et al. 2014,http://exoplanet.eu/catalog/wasp-84_b/
2866,KELT-8,10.833,1.86,0.867,Fulton et al. 2015,Fulton et al. 2015,http://exoplanet.eu/catalog/kelt-8_b/
600,KELT-10,10.854,1.399,0.679,Kuhn et al. 2015,Kuhn et al. 2015,http://exoplanet.eu/catalog/kelt-10_b/
2128,WASP-72,10.88,1.27,1.5461,Gillon et al. 2013,Gillon et al. 2013,http://exoplanet.eu/catalog/wasp-72_b/
2268,HAT-P-56,10.908,1.466,2.18,Huang et al. 2015,Huang et al. 2015,http://exoplanet.eu/catalog/hat-p-56_b/
142,Kepler-10,10.94,0.21,0.054,Dumusque et al. 2014,Fressin et al. 2011,http://exoplanet.eu/catalog/kepler-10_c/
1666,Kepler-10,10.94,0.132,0.0145,Esteves et al. 2015,Batahla et al. 2011,http://exoplanet.eu/catalog/kepler-10_b/
3402,WASP-93,10.97,1.597,1.47,Hay et al. 2016,Hay et al. 2016,http://exoplanet.eu/catalog/wasp-92_b/
2500,WASP-120,11,1.473,4.85,Turner et al. 2016,Turner et al. 2016,http://exoplanet.eu/catalog/wasp-120_b/
1015,KELT-14,11,1.743,1.284,Turner et al. 2016,Rodriguez et al. 2016,http://exoplanet.eu/catalog/wasp-122_b/
2058,WASP-15,11,1.428,0.542,West et al. 2009,West et al. 2009,http://exoplanet.eu/catalog/wasp-15_b/
2072,WASP-35,11.01,1.32,0.72,Enoch et al. 2011,Enoch et al. 2011,http://exoplanet.eu/catalog/wasp-35_b/
3403,WASP-118,11.02,1.44,0.514,Hay et al. 2016,Hay et al. 2016,http://exoplanet.eu/catalog/wasp-92_b/
2428,BD+20 594,11.038,0.199,0.05129,Espinoza et al. 2016,Espinoza et al. 2016,http://exoplanet.eu/catalog/bd%2B20_594_b/
3313,WASP-140,11.1,1.44,2.44,Hellier et al. 2016,Hellier et al. 2016,http://exoplanet.eu/catalog/wasp-140_b/
3309,WASP-130,11.1,0.89,1.23,Hellier et al. 2016,Hellier et al. 2016,http://exoplanet.eu/catalog/wasp-130_b/
2501,WASP-123,11.1,1.318,0.899,Turner et al. 2016,Turner et al. 2016,http://exoplanet.eu/catalog/wasp-123_b/
2363,HAT-P-4,11.118,1.274,0.671,Torres et al. 2008,Kovacs et al. 2007,http://exoplanet.eu/catalog/hat-p-4_b/
2194,WASP-104,11.12,1.137,1.272,Smith et al. 2014,Smith et al. 2014,http://exoplanet.eu/catalog/wasp-104_b/
2201,XO-2 N,11.138,1.019,0.597,Damasso et al. 2015,Burke et al. 2007,http://exoplanet.eu/catalog/xo-2n_b/
3408,K2-99,11.149,1.29,0.97,Smith et al. 2016,Smith et al. 2016,http://exoplanet.eu/catalog/k2-99_b/
1415,HAT-P-33,11.188,1.686,0.762,Hartman et al. 2011,Hartman et al. 2011,http://exoplanet.eu/catalog/hat-p-33_b/
1016,KELT-15,11.189,1.443,0.91,Rodriguez et al. 2016,Rodriguez et al. 2016,http://exoplanet.eu/catalog/kelt-15_b/
2200,XO-1,11.19,1.21,0.92,Burke et al. 2010,McCullough et al. 2006,http://exoplanet.eu/catalog/xo-1_b/
1667,Kepler-100,11.197,0.118,0.023,Marcy et al. 2014,Marcy et al. 2014,http://exoplanet.eu/catalog/kepler-100_b/
2121,WASP-63,11.2,1.43,0.38,Hellier et al. 2012,Hellier et al. 2012,http://exoplanet.eu/catalog/wasp-63_b/
2195,WASP-106,11.21,1.085,1.925,Smith et al. 2014,Smith et al. 2014,http://exoplanet.eu/catalog/wasp-106_b/
2070,WASP-32,11.3,1.18,3.6,Maxted et al. 2010,Maxted et al. 2010,http://exoplanet.eu/catalog/wasp-32_b/
1769,WASP-24,11.306,1.3,1.071,Street et al. 2010,Street et al. 2010,http://exoplanet.eu/catalog/wasp-24_b/
2880,HAT-P-20,11.339,0.867,7.246,Bakos et al. 2010,Bakos et al. 2010,http://exoplanet.eu/catalog/hat-p-20_b/
1775,WASP-49,11.36,1.115,0.378,Lendl et al. 2012,Lendl et al. 2012,http://exoplanet.eu/catalog/wasp-49_b/
1687,Kepler-128,11.39,0.101,0.105,Xie 2014,Xie 2014,http://exoplanet.eu/catalog/kepler-128_c/
1517,Kepler-128,11.39,0.101,0.097,Xie 2014,Xie 2014,http://exoplanet.eu/catalog/kepler-128_b/
2185,WASP-88,11.4,1.7,0.56,Delrez et al. 2014,Delrez et al. 2014,http://exoplanet.eu/catalog/wasp-88_b/
133,TrES-2,11.411,1.247,1.197,Esteves et al. 2015,O'Donovan et al. 2006,http://exoplanet.eu/catalog/tres-2_/
2181,WASP-75,11.45,1.27,1.07,Gomez et al. 2013,Gomez et al. 2013,http://exoplanet.eu/catalog/wasp-75_b/
2116,WASP-56,11.484,1.092,0.571,Faedi et al. 2013,Faedi et al. 2013,http://exoplanet.eu/catalog/wasp-56_b/
1669,Kepler-102,11.492,0.105,0.012,Marcy et al. 2014,Marcy et al. 2014,http://exoplanet.eu/catalog/kepler-102_d/
259,Kepler-102,11.492,0.198,0.028,Marcy et al. 2014,Wang et al. 2014,http://exoplanet.eu/catalog/kepler-102_e/
1689,Kepler-131,11.525,0.075,0.026,Marcy et al. 2014,Marcy et al. 2014,http://exoplanet.eu/catalog/kepler-131_c/
1522,Kepler-131,11.525,0.215,0.051,Marcy et al. 2014,Marcy et al. 2014,http://exoplanet.eu/catalog/kepler-131_b/
986,K2-34,11.548,1.35,1.76,Lillo-Box et al. 2016,Hirano et al. 2016,http://exoplanet.eu/catalog/k2-34_b/
276,Kepler-78,11.551,0.105,0.006,Pepe et al. 2013,Sanchis-Ojeda et al. 2013,http://exoplanet.eu/catalog/kepler-78_b/
248,Kepler-92,11.565,0.313,0.202,Xie 2014,Xie 2014,http://exoplanet.eu/catalog/kepler-92_b/
1743,Kepler-92,11.565,0.232,0.019,Xie 2014,Xie 2014,http://exoplanet.eu/catalog/kepler-92_c/
406,Kepler-454,11.57,0.211,0.02152,Gettel et al. 2015,Gettel et al. 2015,http://exoplanet.eu/catalog/kepler-454_b/
1230,HAT-P-3,11.577,0.827,0.591,Chan et al. 2011,Torres et al. 2007,http://exoplanet.eu/catalog/hat-p-3_b/
2063,WASP-21,11.58,1.07,0.3,Bouchy et al. 2010,Bouchy et al. 2010,http://exoplanet.eu/catalog/wasp-21_b/
2003,TrES-4,11.592,1.838,0.494,Sozzetti et al. 2015,Mandushev et al. 2007,http://exoplanet.eu/catalog/tres-4_/
2113,WASP-50,11.6,1.153,1.468,Gillon et al. 2011,Gillon et al. 2011,http://exoplanet.eu/catalog/wasp-50_b/
2059,WASP-17,11.6,1.991,0.486,Anderson et al. 2011,Anderson et al. 2010,http://exoplanet.eu/catalog/wasp-17_b/
1773,WASP-41,11.6,1.18,0.94,Neveu-VanMalle et al. 2015,Maxted et al. 2011,http://exoplanet.eu/catalog/wasp-41_b/
2055,WASP-11,11.6,1.005,0.487,Bakos et al. 2009,West et al. 2009,http://exoplanet.eu/catalog/wasp-11-hat-p-10_b/
1779,WASP-66,11.6,1.39,2.32,Hellier et al. 2012,Hellier et al. 2012,http://exoplanet.eu/catalog/wasp-66_b/
2118,WASP-58,11.66,1.37,0.89,Hebrard et al. 2013,Hebrard et al. 2013,http://exoplanet.eu/catalog/wasp-58_b/
1413,HAT-P-31,11.66,1.07,2.171,Kipping et al. 2011,Kipping et al. 2011,http://exoplanet.eu/catalog/hat-p-31_b/
96,Kepler-22,11.664,0.212,0.113,Borucki et al. 2012,Borucki et al. 2012,http://exoplanet.eu/catalog/kepler-22_b/
1251,CoRoT-7,11.668,0.141,0.018,Barros et al. 2014,Leger et al. 2009,http://exoplanet.eu/catalog/corot-7_b/
1343,HAT-P-21,11.685,1.024,4.063,Bakos et al. 2010,Bakos et al. 2010,http://exoplanet.eu/catalog/hat-p-21_b/
1766,WASP-12,11.69,1.9,1.47,Collins et al. 2016,Hebb et al. 2009,http://exoplanet.eu/catalog/wasp-12_b/
1556,HAT-P-40,11.699,1.73,0.615,Hartman et al. 2012,Hartman et al. 2012,http://exoplanet.eu/catalog/hat-p-40_b/
2069,WASP-31,11.7,1.549,0.478,Anderson et al. 2011,Anderson et al. 2011,http://exoplanet.eu/catalog/wasp-31_b/
474,WASP-90,11.7,1.63,0.63,West et al. 2016,West et al. 2016,http://exoplanet.eu/catalog/wasp-90_b/
2112,WASP-48,11.72,1.396,0.907,Ciceri et al. 2015,Enoch et al. 2011,http://exoplanet.eu/catalog/wasp-48_b/
1348,HAT-P-26,11.744,0.565,0.059,Hartman et al. 2010,Hartman et al. 2010,http://exoplanet.eu/catalog/hat-p-26_b/
3405,K2-105,11.752,0.369,0.09439,Narita et al. 2017,Narita et al. 2017,http://exoplanet.eu/catalog/k2-105_b/
2001,TrES-1,11.76,1.067,0.752,Torres et al. 2008,Alonso et al. 2004,http://exoplanet.eu/catalog/tres-1_/
352,HAT-P-50,11.762,1.288,1.35,Hartman et al. 2015,Hartman et al. 2015,http://exoplanet.eu/catalog/hat-p-50_b/
151,Kepler-16,11.762,0.754,0.333,Doyle et al. 2011,Doyle et al. 2011,http://exoplanet.eu/catalog/kepler-16_(ab)_b/
3189,WASP-113,11.771,1.409,0.475,Barros et al. 2016,Barros et al. 2016,http://exoplanet.eu/catalog/wasp-113_b/
2047,WASP-1,11.79,1.483,0.854,Maciejewski et al. 2014,Collier Cameron et al. 2007,http://exoplanet.eu/catalog/wasp-1_b/
1776,WASP-55,11.8,1.335,0.627,Southworth et al. 2015,Hellier et al. 2012,http://exoplanet.eu/catalog/wasp-55_b/
3325,WASP-138,11.81,1.09,1.22,Lam et al. 2016,Lam et al. 2016,http://exoplanet.eu/catalog/wasp-138_b/
1346,HAT-P-24,11.818,1.242,0.685,Kipping et al. 2010,Kipping et al. 2010,http://exoplanet.eu/catalog/hat-p-24_b/
157,Kepler-36,11.866,0.133,0.014,Carter et al. 2012,Carter et al. 2012,http://exoplanet.eu/catalog/kepler-36_b/
158,Kepler-36,11.866,0.328,0.025,Carter et al. 2012,Carter et al. 2012,http://exoplanet.eu/catalog/kepler-36_c/
2184,WASP-80,11.87,0.999,0.538,Triaud et al. 2015,Triaud et al. 2013,http://exoplanet.eu/catalog/wasp-80_b/
2066,WASP-25,11.88,1.22,0.58,Enoch et al. 2010,Enoch et al. 2010,http://exoplanet.eu/catalog/wasp-25_b/
1768,WASP-2,11.88,1.071,0.915,Torres et al. 2008,Collier Cameron et al. 2007,http://exoplanet.eu/catalog/wasp-2_b/
3438,KELT-16,11.898,1.415,2.75,Oberst et al. 2017,Oberst et al. 2017,http://exoplanet.eu/catalog/kelt-16_b/
2123,WASP-65,11.9,1.112,1.55,Gomez et al. 2013,Gomez et al. 2013,http://exoplanet.eu/catalog/wasp-65_b/
1411,HAT-P-29,11.9,1.107,0.778,Buchhave et al. 2011,Buchhave et al. 2011,http://exoplanet.eu/catalog/hat-p-29_b/
2051,WASP-6,11.9,1.23,0.485,Tregloan-Reed et al. 2015,Tregloan-Reed et al. 2015,http://exoplanet.eu/catalog/wasp-6_b/
2870,WASP-47,11.9,0.331,0.05286,Almenara et al. 2016,Becker et al. 2015,http://exoplanet.eu/catalog/wasp-47_d/
2871,WASP-47,11.9,0.162,0.02863,Almenara et al. 2016,Becker et al. 2015,http://exoplanet.eu/catalog/wasp-47_d/
2111,WASP-47,11.9,1.15,1.21,Almenara et al. 2016,Hellier et al. 2012,http://exoplanet.eu/catalog/wasp-47_b/
3318,HATS-33,11.911,1.23,1.192,de Val-Barro et al. 2016,de Val-Barro et al. 2016,http://exoplanet.eu/catalog/hats-33_b/
2378,Kepler-396,11.921,0.312,0.238,Xie 2014,Xie 2014,http://exoplanet.eu/catalog/kepler-396_b/
2379,Kepler-396,11.921,0.473,0.056,Xie 2014,Xie 2014,http://exoplanet.eu/catalog/kepler-396_c/
11,Kepler-145,11.931,0.236,0.117,Xie 2014,Xie 2014,http://exoplanet.eu/catalog/kepler-145_b/
12,Kepler-145,11.931,0.385,0.25,Xie 2014,Xie 2014,http://exoplanet.eu/catalog/kepler-145_c/
1231,HAT-P-5,12,1.26,1.06,Bakos et al. 2007,Bakos et al. 2007,http://exoplanet.eu/catalog/hat-p-5_b/
2114,WASP-52,12,1.27,0.46,Hebrard et al. 2013,Hebrard et al. 2013,http://exoplanet.eu/catalog/wasp-52_b/
2064,WASP-22,12,1.199,0.617,Southworth et al. 2015,Maxted et al. 2010,http://exoplanet.eu/catalog/wasp-22_b/
1774,WASP-45,12,0.992,1.002,Ciceri et al. 2015,Anderson et al. 2011,http://exoplanet.eu/catalog/wasp-45_b/
2183,WASP-78,12,1.7,0.89,Smalley et al. 2012,Smalley et al. 2012,http://exoplanet.eu/catalog/wasp-78_b/
207,Kepler-63,12.02,0.545,0.378,Sanchis-Ojeda et al. 2013,Sanchis-Ojeda et al. 2013,http://exoplanet.eu/catalog/kepler-63_b/
2068,WASP-28,12.03,1.213,0.907,Anderson et al. 2015,Petrucci et al. 2015,http://exoplanet.eu/catalog/wasp-28_b/
2388,HATS-1,12.053,1.302,1.855,Penev et al. 2013,Penev et al. 2013,http://exoplanet.eu/catalog/hats-1_b/
2193,WASP-103,12.1,1.528,1.49,Gillon et al. 2014,Gillon et al. 2014,http://exoplanet.eu/catalog/wasp-103_b/
2106,WASP-39,12.11,1.27,0.28,Faedi et al. 2011,Faedi et al. 2011,http://exoplanet.eu/catalog/wasp-39_b/
2029,Kepler-338,12.119,0.139,0.027,Hadden et al. 2014,Hadden et al. 2014,http://exoplanet.eu/catalog/kepler-338_e/
2732,Kepler-14,12.128,1.136,8.4,Buchhave et al. 2011,Buchhave et al. 2011,http://exoplanet.eu/catalog/kepler-14_b/
2205,XO-5,12.13,1.14,1.19,Smith 2015,Burke et al. 2008,http://exoplanet.eu/catalog/xo-5_b/
1238,HAT-P-15,12.16,1.072,1.946,Kovacs et al. 2010,Kovacs et al. 2010,http://exoplanet.eu/catalog/hat-p-15_b/
2436,K2-98,12.166,0.384,0.10131,Barragan et al. 2016,Barragan et al. 2016,http://exoplanet.eu/catalog/epic_211391664_b/
1558,HAT-P-42,12.168,1.28,1.044,Boisse et al. 2013,Boisse et al. 2013,http://exoplanet.eu/catalog/hat-p-42_b/
2119,WASP-60,12.18,0.86,0.514,Hebrard et al. 2013,Hebrard et al. 2013,http://exoplanet.eu/catalog/wasp-60_b/
2507,HATS-30,12.192,1.175,0.706,Espinoza et al. 2016,Espinoza et al. 2016,http://exoplanet.eu/catalog/hats-30_b/
1626,WASP-119,12.2,1.4,1.23,Maxted et al. 2016,Maxted et al. 2016,http://exoplanet.eu/catalog/wasp-119_b/
2805,KOI-94,12.205,1.005,0.334,Weiss et al. 2013,Weiss et al. 2013,http://exoplanet.eu/catalog/kepler-89_d/
238,KOI-94,12.205,0.153,0.033,Weiss et al. 2013,Weiss et al. 2013,http://exoplanet.eu/catalog/kepler-89_b/
3137,KOI-94,12.205,0.385,0.049,Weiss et al. 2013,Weiss et al. 2013,http://exoplanet.eu/catalog/kepler-89_c/
239,KOI-94,12.205,0.585,0.11,Weiss et al. 2013,Weiss et al. 2013,http://exoplanet.eu/catalog/kepler-89_e/
1552,HAT-P-36,12.262,1.264,1.832,Bakos et al. 2012,Bakos et al. 2012,http://exoplanet.eu/catalog/hat-p-36_b/
1670,Kepler-103,12.287,0.301,0.031,Marcy et al. 2014,Marcy et al. 2014,http://exoplanet.eu/catalog/Kepler-103_b/
3262,Kepler-103,12.287,0.459,0.114,Marcy et al. 2014,Marcy et al. 2014,http://exoplanet.eu/catalog/Kepler-103_c/
2122,WASP-64,12.29,1.271,1.271,Gillon et al. 2013,Gillon et al. 2013,http://exoplanet.eu/catalog/wasp-64_b/
1234,HAT-P-9,12.297,1.4,0.78,Shporer et al. 2009,Shporer et al. 2009,http://exoplanet.eu/catalog/hat-p-9_b/
3315,WASP-142,12.3,1.53,0.84,Hellier et al. 2016,Hellier et al. 2016,http://exoplanet.eu/catalog/wasp-142_b/
1628,WASP-129,12.3,0.93,1,Maxted et al. 2016,Maxted et al. 2016,http://exoplanet.eu/catalog/wasp-129_b/
2050,WASP-5,12.3,1.087,1.58,Gillon et al. 2009,Anderson et al. 2008,http://exoplanet.eu/catalog/wasp-5_b/
3437,K2-108,12.33,0.471,0.18689,Petigura et al. 2017,Petigura et al. 2017,http://exoplanet.eu/catalog/k2-108_b/
2352,GJ 3470,12.33,0.346,0.043,Biddle et al. 2014,Bonfils et al. 2012,http://exoplanet.eu/catalog/gj_3470_b/
251,Kepler-95,12.346,0.305,0.041,Marcy et al. 2014,Marcy et al. 2014,http://exoplanet.eu/catalog/kepler-95_b/
982,HATS-17,12.39,0.777,1.338,Brahm et al. 2016,Brahm et al. 2016,http://exoplanet.eu/catalog/hats-17_b/
2768,Kepler-539,12.391,0.747,0.97,Mancini et al. 2015,Morton et al. 2016,http://exoplanet.eu/catalog/kepler-539_b/
2538,Kepler-447,12.394,1.65,1.37,Lillo-Box et al. 2015,Lillo-Box et al. 2015,http://exoplanet.eu/catalog/kepler-447_b/
3312,WASP-139,12.4,0.8,0.117,Hellier et al. 2016,Hellier et al. 2016,http://exoplanet.eu/catalog/wasp-139_b/
3311,WASP-132,12.4,0.87,0.41,Hellier et al. 2016,Hellier et al. 2016,http://exoplanet.eu/catalog/wasp-132_b/
2108,WASP-43,12.4,0.93,1.78,Hellier et al. 2011,Hellier et al. 2011,http://exoplanet.eu/catalog/wasp-43_b/
3314,WASP-141,12.4,1.21,2.69,Hellier et al. 2016,Hellier et al. 2016,http://exoplanet.eu/catalog/wasp-141_b/
2002,TrES-3,12.402,1.336,1.91,Sozzetti et al. 2009,O'Donovan et al. 2007,http://exoplanet.eu/catalog/tres-3_/
1119,K2-10,12.418,0.343,0.08495,Van Eylen et al. 2016,Montet et al. 2015,http://exoplanet.eu/catalog/k2-10_b/
1555,HAT-P-39,12.422,1.571,0.599,Hartman et al. 2012,Hartman et al. 2012,http://exoplanet.eu/catalog/hat-p-39_b/
2359,GQ Lup,12.43,3,20,Neuhaeuser et al. 2008,Neuhauser et al. 2005,http://exoplanet.eu/catalog/gq_lup_b/
193,Kepler-56,12.44,0.581,0.07,Huber et al. 2013,Steffen et al. 2013,http://exoplanet.eu/catalog/kepler-56_b/
194,Kepler-56,12.44,0.874,0.57,Huber et al. 2013,Steffen et al. 2013,http://exoplanet.eu/catalog/kepler-56_c/
31,HATS-3,12.44,1.381,1.071,Bayliss et al. 2013,Bayliss et al. 2013,http://exoplanet.eu/catalog/hats-3_b/
2362,HAT-P-35,12.46,1.332,1.054,Bakos et al. 2012,Bakos et al. 2012,http://exoplanet.eu/catalog/hat-p-35_b/
2525,Kepler-432,12.465,1.145,5.41,Quinn et al. 2015,Ciceri et al. 2015,http://exoplanet.eu/catalog/kepler-432_b/
247,Kepler-91,12.495,1.367,0.81,Esteves et al. 2015,Lillo-Box et al. 2014,http://exoplanet.eu/catalog/kepler-91_b/
2049,WASP-4,12.5,1.33,1.216,Petrucci et al. 2013,Wilson et al. 2008,http://exoplanet.eu/catalog/wasp-4_b/
2120,WASP-61,12.5,1.24,2.06,Hellier et al. 2012,Hellier et al. 2012,http://exoplanet.eu/catalog/wasp-61_b/
2124,WASP-67,12.5,1.4,0.42,Hellier et al. 2012,Hellier et al. 2012,http://exoplanet.eu/catalog/wasp-67_b/
92,Kepler-20,12.51,0.272,0.04012,Buchhave et al. 2017,Gautier et al. 2011,http://exoplanet.eu/catalog/kepler-20_c/
93,Kepler-20,12.51,0.245,0.03168,Buchhave et al. 2017,Gautier et al. 2011,http://exoplanet.eu/catalog/kepler-20_d/
91,Kepler-20,12.51,0.167,0.03052,Buchhave et al. 2017,Gautier et al. 2011,http://exoplanet.eu/catalog/kepler-20_b/
1700,Kepler-406,12.52,0.128,0.02,Marcy et al. 2014,Marcy et al. 2014,http://exoplanet.eu/catalog/kepler-406_b/
2449,Kepler-406,12.52,0.076,0.009,Marcy et al. 2014,Marcy et al. 2014,http://exoplanet.eu/catalog/kepler-406_c/
598,K2-29,12.526,1.19,0.73,Santerne et al. 2016,Santerne et al. 2016,http://exoplanet.eu/catalog/k2-29_b/
1554,HAT-P-38,12.557,0.825,0.267,Sato et al. 2012,Sato et al. 2012,http://exoplanet.eu/catalog/hat-p-38_b/
3320,HATS-35,12.56,1.464,1.222,de Val-Barro et al. 2016,de Val-Barro et al. 2016,http://exoplanet.eu/catalog/hats-35_b/
1247,CoRoT-2,12.57,1.466,3.47,Gillon et al. 2010,Alonso et al. 2008,http://exoplanet.eu/catalog/corot-2_b/
2107,WASP-42,12.57,1.122,0.527,Southworth et al. 2015,Lendl et al. 2012,http://exoplanet.eu/catalog/wasp-42_b/
2061,WASP-19,12.59,1.392,1.069,Wong et al. 2016,Hebb et al. 2010,http://exoplanet.eu/catalog/wasp-19_b/
2506,HATS-29,12.612,1.251,0.653,Espinoza et al. 2016,Espinoza et al. 2016,http://exoplanet.eu/catalog/hats-29_b/
32,HATS-5,12.63,0.912,0.237,Zhou et al. 2014,Zhou et al. 2014,http://exoplanet.eu/catalog/hats-5_b/
2807,K2-27,12.64,0.4,0.09722,Petigura et al. 2017,Van Eylen et al. 2016,http://exoplanet.eu/catalog/k2-27_b/
1627,WASP-124,12.7,1.24,0.6,Maxted et al. 2016,Maxted et al. 2016,http://exoplanet.eu/catalog/wasp-124_b/
2054,WASP-10,12.7,1.08,3.15,Johnson et al. 2009,Christian et al. 2009,http://exoplanet.eu/catalog/wasp-10_b/
1695,Kepler-4,12.7,0.357,0.077,Borucki et al. 2010,Borucki et al. 2010,http://exoplanet.eu/catalog/kepler-4_b/
1772,WASP-37,12.704,1.16,1.8,Simpson et al. 2010,Simpson et al. 2010,http://exoplanet.eu/catalog/wasp-37_b/
3244,WASP-114,12.743,1.339,1.769,Barros et al. 2016,Barros et al. 2016,http://exoplanet.eu/catalog/wasp-114_b/
2432,HATS-12,12.756,1.35,2.38,Rabus et al. 2016,Rabus et al. 2016,http://exoplanet.eu/catalog/hats-12_b/
1241,HAT-P-18,12.759,0.995,0.197,Hartman et al. 2011,Hartman et al. 2011,http://exoplanet.eu/catalog/hat-p-18_b/
2504,HATS-27,12.766,1.5,0.53,Espinoza et al. 2016,Espinoza et al. 2016,http://exoplanet.eu/catalog/hats-27_b/
263,Kepler-105,12.791,0.117,0.01447,Jontof-Hutter et al. 2016,Rowe et al. 2014,http://exoplanet.eu/catalog/kepler-105_c/
3420,Qatar-5,12.82,1.107,4.32,Alsubai et al. 2017,Alsubai et al. 2017,http://exoplanet.eu/catalog/qatar-5_b/
3472,HATS-24,12.83,1.487,2.44,Bento et al. 2017,Bento et al. 2017,http://exoplanet.eu/catalog/hats-24_b/
1235,HAT-P-12,12.84,0.959,0.211,Hartman et al. 2009,Hartman et al. 2009,http://exoplanet.eu/catalog/hat-p-12_b/
1995,Qatar-1,12.843,1.143,1.294,Collins et al. 2016,Alsubai et al. 2011,http://exoplanet.eu/catalog/qatar-1_b/
3418,Qatar-3,12.88,1.096,4.31,Alsubai et al. 2017,Alsubai et al. 2017,http://exoplanet.eu/catalog/qatar-3_b/
264,Kepler-106,12.882,0.223,0.033,Marcy et al. 2014,Marcy et al. 2014,http://exoplanet.eu/catalog/Kepler-106_c/
1673,Kepler-106,12.882,0.228,0.035,Marcy et al. 2014,Marcy et al. 2014,http://exoplanet.eu/catalog/Kepler-106_e/
138,Kepler-7,12.885,1.622,0.441,Esteves et al. 2015,Latham et al. 2010,http://exoplanet.eu/catalog/kepler-7_b/
3201,Kepler-94,12.895,0.313,0.034,Marcy et al. 2014,Marcy et al. 2014,http://exoplanet.eu/catalog/kepler-94_b/
2827,WASP-83,12.9,1.04,0.3,Hellier et al. 2015,Hellier et al. 2015,http://exoplanet.eu/catalog/wasp-83_b/
1629,WASP-133,12.9,1.21,1.16,Maxted et al. 2016,Maxted et al. 2016,http://exoplanet.eu/catalog/wasp-133_b/
2110,WASP-46,12.9,1.174,1.91,Ciceri et al. 2015,Anderson et al. 2011,http://exoplanet.eu/catalog/wasp-46_b/
2109,WASP-44,12.9,1.14,0.889,Anderson et al. 2011,Anderson et al. 2011,http://exoplanet.eu/catalog/wasp-44_b/
1342,HAT-P-19,12.901,1.132,0.292,Hartman et al. 2011,Hartman et al. 2011,http://exoplanet.eu/catalog/hat-p-19_b/
2514,WASP-157,12.91,1.065,0.574,Mocnik et al. 2016,Mocnik et al. 2016,http://exoplanet.eu/catalog/wasp-157_b/
3236,Kepler-138,12.925,0.047,0.00021,Jontof-Hutter et al. 2015,Rowe et al. 2014,http://exoplanet.eu/catalog/kepler-138_b/
2731,Kepler-138,12.925,0.107,0.0062,Jontof-Hutter et al. 2015,Kipping et al. 2014,http://exoplanet.eu/catalog/kepler-138_c/
1533,Kepler-138,12.925,0.108,0.00201,Jontof-Hutter et al. 2015,Kipping et al. 2014,http://exoplanet.eu/catalog/kepler-138_d/
2503,HATS-26,12.955,1.75,0.65,Espinoza et al. 2016,Espinoza et al. 2016,http://exoplanet.eu/catalog/hats-26_b/
3248,HAT-P-66,12.993,1.59,0.783,Hartman et al. 2016,Hartman et al. 2016,http://exoplanet.eu/catalog/hat-p-66_b/
1777,WASP-59,13,0.775,0.863,Hebrard et al. 2013,Hebrard et al. 2013,http://exoplanet.eu/catalog/wasp-59_b/
2460,Kepler-419,13.005,0.96,2.5,Dawson et al. 2014,Dawson et al. 2014,http://exoplanet.eu/catalog/kepler-419_b/
1350,HAT-P-28,13.03,1.212,0.626,Buchhave et al. 2011,Buchhave et al. 2011,http://exoplanet.eu/catalog/hat-p-28_b/
3329,Kepler-48,13.04,0.182,0.025,Marcy et al. 2014,Marcy et al. 2014,http://exoplanet.eu/catalog/kepler-48_d/
174,Kepler-48,13.04,0.242,0.04597,Marcy et al. 2014,Steffen et al. 2013,http://exoplanet.eu/catalog/kepler-48_c/
1720,Kepler-48,13.04,0.168,0.0124,Marcy et al. 2014,Steffen et al. 2013,http://exoplanet.eu/catalog/kepler-48_b/
2117,WASP-57,13.04,1.05,0.644,Southworth et al. 2015,Faedi et al. 2013,http://exoplanet.eu/catalog/wasp-57_b/
2502,HATS-25,13.097,1.26,0.613,Espinoza et al. 2016,Espinoza et al. 2016,http://exoplanet.eu/catalog/hats-25_b/
2828,WASP-89,13.1,1.04,5.9,Hellier et al. 2015,Hellier et al. 2015,http://exoplanet.eu/catalog/wasp-89_b/
3316,HATS-31,13.105,1.64,0.88,de Val-Barro et al. 2016,de Val-Barro et al. 2016,http://exoplanet.eu/catalog/hats-31_b/
236,KOI-142,13.11,0.337,0.027,Nesvorny et al. 2013,Nesvorny et al. 2013,http://exoplanet.eu/catalog/kepler-88_b/
2207,HATS-10,13.113,0.969,0.526,Brahm et al. 2015,Brahm et al. 2015,http://exoplanet.eu/catalog/hats-10_b/
3247,HAT-P-65,13.145,1.89,0.527,Hartman et al. 2016,Hartman et al. 2016,http://exoplanet.eu/catalog/hat-p-65_b/
3401,WASP-92,13.18,1.461,0.805,Hay et al. 2016,Hay et al. 2016,http://exoplanet.eu/catalog/wasp-92_b/
1347,HAT-P-25,13.19,1.19,0.567,Quinn et al. 2010,Quinn et al. 2010,http://exoplanet.eu/catalog/hat-p-25_b/
2266,HAT-P-55,13.207,1.182,0.582,Juncher et al. 2015,Juncher et al. 2015,http://exoplanet.eu/catalog/hat-p-55_b/
1553,HAT-P-37,13.23,1.178,1.169,Bakos et al. 2012,Bakos et al. 2012,http://exoplanet.eu/catalog/hat-p-37_b/
2206,HATS-9,13.276,1.065,0.837,Brahm et al. 2015,Brahm et al. 2015,http://exoplanet.eu/catalog/hats-9_b/
1126,WASP-135,13.28,1.3,1.9,Spake et al. 2015,Spake et al. 2015,http://exoplanet.eu/catalog/wasp-135_b/
1763,Qatar-2,13.3,1.254,2.494,Mancini et al. 2014,Bryan et al. 2011,http://exoplanet.eu/catalog/qatar-2_b/
137,Kepler-6,13.303,1.304,0.668,Esteves et al. 2015,Dunham et al. 2010,http://exoplanet.eu/catalog/kepler-6_b/
275,Kepler-76,13.308,1.36,2.01,Esteves et al. 2015,Faigler et al. 2013,http://exoplanet.eu/catalog/kepler-76_b/
24,HAT-P-43,13.356,1.281,0.662,Boisse et al. 2013,Boisse et al. 2013,http://exoplanet.eu/catalog/hat-p-43_b/
136,Kepler-5,13.369,1.426,2.111,Esteves et al. 2015,Koch et al. 2010,http://exoplanet.eu/catalog/kepler-5_b/
1870,Kepler-277,13.42,0.261,0.275,Xie 2014,Xie 2014,http://exoplanet.eu/catalog/kepler-277_b/
1871,Kepler-277,13.42,0.3,0.202,Xie 2014,Xie 2014,http://exoplanet.eu/catalog/kepler-277_c/
1708,Kepler-422,13.435,1.15,0.43,Endl et al. 2014,Endl et al. 2014,http://exoplanet.eu/catalog/kepler-422_b/
836,Kepler-23,13.438,0.285,2.7,Ford et al. 2012,Ford et al. 2012,http://exoplanet.eu/catalog/kepler-23_c/
97,Kepler-23,13.438,0.17,0.8,Ford et al. 2012,Ford et al. 2012,http://exoplanet.eu/catalog/kepler-23_b/
353,HAT-P-51,13.44,1.293,0.309,Hartman et al. 2015,Hartman et al. 2015,http://exoplanet.eu/catalog/hat-p-51_b/
3443,HATS-22,13.455,0.953,2.74,Bento et al. 2017,Bento et al. 2017,http://exoplanet.eu/catalog/hats-22_b/
2389,HATS-4,13.459,1.02,1.323,Jordan et al. 2014,Jordan et al. 2014,http://exoplanet.eu/catalog/hats-4_b/
285,Kepler-113,13.461,0.162,0.037,Marcy et al. 2014,Marcy et al. 2014,http://exoplanet.eu/catalog/kepler-113_b/
2806,GJ 1132,13.49,0.103,0.0051,Berta-Thompson et al. 2015,Berta-Thompson et al. 2015,http://exoplanet.eu/catalog/gj_1132_b/
3112,K2-30,13.53,1.039,0.579,Johnson et al. 2016,Johnson et al. 2016,http://exoplanet.eu/catalog/k2-30_b/
2496,Kepler-1647,13.545,1.059,1.51968,Kostov et al. 2016,Kostov et al. 2016,http://exoplanet.eu/catalog/kepler-1647_%28ab%29_b/
89,Kepler-18,13.549,0.623,0.052,Cochran et al. 2011,Cochran et al. 2011,http://exoplanet.eu/catalog/kepler-18_d/
88,Kepler-18,13.549,0.49,0.054,Cochran et al. 2011,Cochran et al. 2011,http://exoplanet.eu/catalog/kepler-18_c/
2752,Kepler-18,13.549,0.178,0.022,Cochran et al. 2011,Cochran et al. 2011,http://exoplanet.eu/catalog/kepler-18_b/
312,GU Psc,13.55,1.265,11.3,Naud et al. 2014,Naud et al. 2014,http://exoplanet.eu/catalog/gu_psc_b/
2825,Kepler-453,13.552,0.553,0.00063,Welsh et al. 2014,Welsh et al. 2014,http://exoplanet.eu/catalog/kepler-453_%28ab%29_b/
30,HATS-2,13.562,1.168,1.345,Mohler-Fischer et al. 2013,Mohler-Fischer et al. 2013,http://exoplanet.eu/catalog/hats-2_b/
3419,Qatar-4,13.6,1.135,6.1,Alsubai et al. 2017,Alsubai et al. 2017,http://exoplanet.eu/catalog/qatar-4_b/
1246,CoRoT-1,13.6,1.49,1.03,Barge et al. 2008,Barge et al. 2008,http://exoplanet.eu/catalog/corot-1_b/
29,HAT-P-54,13.6,0.944,0.76,Bakos et al. 2015,Bakos et al. 2015,http://exoplanet.eu/catalog/hat-p-54_b/
3327,Kepler-435,13.643,1.99,0.84,Almenara et al. 2015,Almenara et al. 2015,http://exoplanet.eu/catalog/kepler-435_b/
1874,Kepler-279,13.659,0.384,0.155,Xie 2014,Xie 2014,http://exoplanet.eu/catalog/kepler-279_c/
2951,Kepler-279,13.659,0.277,0.118,Xie 2014,Xie 2014,http://exoplanet.eu/catalog/kepler-279_d/
1327,CoRoT-9,13.69,1.05,0.84,Deeg et al. 2010,Deeg et al. 2010,http://exoplanet.eu/catalog/corot-9_b/
2004,TrES-5,13.718,1.194,1.79,Mislis et al. 2015,Mandushev et al. 2011,http://exoplanet.eu/catalog/tres-5_/
1759,PH1,13.718,0.551,0.531,Schwamb et al. 2013,Schwamb et al. 2013,http://exoplanet.eu/catalog/kepler-64_%28ab%29_b/
1730,Kepler-62,13.725,0.144,0.113,Borucki et al. 2013,Borucki et al. 2013,http://exoplanet.eu/catalog/kepler-62_e/
203,Kepler-62,13.725,0.117,0.03,Borucki et al. 2013,Borucki et al. 2013,http://exoplanet.eu/catalog/kepler-62_b/
206,Kepler-62,13.725,0.126,0.11,Borucki et al. 2013,Borucki et al. 2013,http://exoplanet.eu/catalog/kepler-62_f/
204,Kepler-62,13.725,0.048,0.013,Borucki et al. 2013,Borucki et al. 2013,http://exoplanet.eu/catalog/kepler-62_c/
205,Kepler-62,13.725,0.174,0.044,Borucki et al. 2013,Borucki et al. 2013,http://exoplanet.eu/catalog/kepler-62_d/
2453,Kepler-412,13.73,1.341,0.941,Esteves et al. 2015,Deleuil et al. 2014,http://exoplanet.eu/catalog/kepler-412_b/
355,HAT-P-53,13.73,1.318,1.484,Hartman et al. 2015,Hartman et al. 2015,http://exoplanet.eu/catalog/hat-p-53_b/
1679,Kepler-114,13.738,0.143,0.009,Xie 2014,Xie 2014,http://exoplanet.eu/catalog/kepler-114_c/
288,Kepler-114,13.738,0.226,0.012,Xie 2014,Xie 2014,http://exoplanet.eu/catalog/kepler-114_d/
150,Kepler-15,13.758,0.96,0.66,Endl et al. 2011,Endl et al. 2011,http://exoplanet.eu/catalog/kepler-15_b/
2156,Kepler-350,13.781,0.277,0.019,Xie 2014,Xie 2014,http://exoplanet.eu/catalog/kepler-350_c/
2157,Kepler-350,13.781,0.25,0.047,Xie 2014,Xie 2014,http://exoplanet.eu/catalog/kepler-350_d/
538,HATS-14,13.79,1.039,1.071,Mancini et al. 2015,Mancini et al. 2015,http://exoplanet.eu/catalog/hats-14_b/
1668,Kepler-101,13.8,0.51,0.16,Bonomo et al. 2014,Rowe et al. 2014,http://exoplanet.eu/catalog/kepler-101_b/
256,Kepler-101,13.8,0.112,0.01,Bonomo et al. 2014,Rowe et al. 2014,http://exoplanet.eu/catalog/kepler-101_c/
148,Kepler-12,13.8,1.754,0.432,Esteves et al. 2015,Fortney et al. 2011,http://exoplanet.eu/catalog/kepler-12_b/
139,Kepler-9,13.803,0.842,0.252,Holman et al. 2010,Holman et al. 2010,http://exoplanet.eu/catalog/kepler-9_b/
140,Kepler-9,13.803,0.823,0.171,Holman et al. 2010,Holman et al. 2010,http://exoplanet.eu/catalog/kepler-9_c/
2513,HATS-16,13.834,1.3,3.27,Ciceri et al. 2016,Ciceri et al. 2016,http://exoplanet.eu/catalog/hats-16_b/
3319,HATS-34,13.849,1.43,0.941,de Val-Barro et al. 2016,de Val-Barro et al. 2016,http://exoplanet.eu/catalog/hats-34_b/
537,HATS-13,13.887,1.212,0.543,Mancini et al. 2015,Mancini et al. 2015,http://exoplanet.eu/catalog/hats-13_b/
1736,Kepler-8,13.9,1.416,0.59,Esteves et al. 2015,Jenkins et al. 2010,http://exoplanet.eu/catalog/kepler-8_b/
3444,HATS-23,13.901,1.86,1.47,Bento et al. 2017,Bento et al. 2017,http://exoplanet.eu/catalog/hats-23_b/
1250,CoRoT-6,13.912,1.166,2.96,Fridlund et al. 2010,Fridlund et al. 2010,http://exoplanet.eu/catalog/corot-6_b/
278,Kepler-79,13.914,0.332,0.019,Jontof-Hutter et al. 2014,Xie 2013,http://exoplanet.eu/catalog/kepler-79_c/
277,Kepler-79,13.914,0.31,0.0343,Jontof-Hutter et al. 2014,Xie 2013,http://exoplanet.eu/catalog/kepler-79_b/
279,Kepler-79,13.914,0.311,0.013,Jontof-Hutter et al. 2014,Rowe et al. 2014,http://exoplanet.eu/catalog/kepler-79_e/
1735,Kepler-79,13.914,0.639,0.019,Jontof-Hutter et al. 2014,Rowe et al. 2014,http://exoplanet.eu/catalog/kepler-79_d/
2505,HATS-28,13.934,1.194,0.672,Espinoza et al. 2016,Espinoza et al. 2016,http://exoplanet.eu/catalog/hats-28_b/
1734,Kepler-77,13.938,0.96,0.43,Gandolfi et al. 2013,Gandolfi et al. 2013,http://exoplanet.eu/catalog/kepler-77_b/
162,Kepler-38,13.941,0.384,0.384,Orosz et al. 2012,Orosz et al. 2012,http://exoplanet.eu/catalog/kepler-38_%28ab%29_b/
3326,CoRoT-22,13.944,0.435,0.038,Moutou et al. 2014,Moutou et al. 2014,http://exoplanet.eu/catalog/corot-22_b/
1893,Kepler-289,13.956,0.192,0.023,Schmitt et al. 2014,Rowe et al. 2014,http://exoplanet.eu/catalog/kepler-289_b/
2958,Kepler-289,13.956,1.034,0.42,Schmitt et al. 2014,Rowe et al. 2014,http://exoplanet.eu/catalog/kepler-289_c/
1894,Kepler-289,13.956,0.239,0.013,Schmitt et al. 2014,Schmitt et al. 2014,http://exoplanet.eu/catalog/kepler-289_d/
1711,Kepler-43,13.958,1.219,3.23,Esteves et al. 2015,Bonomo et al. 2011,http://exoplanet.eu/catalog/kepler-43_b/
200,Kepler-60,13.959,0.153,0.01318,Jontof-Hutter et al. 2016,Steffen et al. 2013,http://exoplanet.eu/catalog/kepler-60_b/
201,Kepler-60,13.959,0.17,0.01211,Jontof-Hutter et al. 2016,Steffen et al. 2013,http://exoplanet.eu/catalog/kepler-60_c/
202,Kepler-60,13.959,0.178,0.01309,Jontof-Hutter et al. 2016,Steffen et al. 2013,http://exoplanet.eu/catalog/kepler-60_d/
1334,CoRoT-19,14.007,1.29,1.11,Guenther et al. 2012,Guenther et al. 2012,http://exoplanet.eu/catalog/corot-19_b/
2431,HATS-11,14.018,1.51,0.85,Rabus et al. 2016,Rabus et al. 2016,http://exoplanet.eu/catalog/hats-11_b/
3107,HATS-8,14.03,0.873,0.138,Bayliss et al. 2015,Bayliss et al. 2015,http://exoplanet.eu/catalog/hats-8_b/
3254,HATS-18,14.067,1.337,1.98,Penev et al. 2016,Penev et al. 2016,http://exoplanet.eu/catalog/hats-18_b/
354,HAT-P-52,14.068,1.009,0.818,Hartman et al. 2015,Hartman et al. 2015,http://exoplanet.eu/catalog/hat-p-52_b/
1935,Kepler-307,14.072,0.196,0.01145,Jontof-Hutter et al. 2016,Xie 2014,http://exoplanet.eu/catalog/kepler-307_c/
1934,Kepler-307,14.072,0.217,0.02341,Jontof-Hutter et al. 2016,Xie 2014,http://exoplanet.eu/catalog/kepler-307_b/
152,Kepler-17,14.141,1.31,2.45,Desert et al. 2011,Desert et al. 2011,http://exoplanet.eu/catalog/kepler-17_b/
144,Kepler-11,14.2,0.256,0.009,Lissauer et al. 2013,Lissauer et al. 2011,http://exoplanet.eu/catalog/kepler-11_c/
1676,Kepler-11,14.2,0.374,0.025,Lissauer et al. 2013,Lissauer et al. 2011,http://exoplanet.eu/catalog/kepler-11_e/
143,Kepler-11,14.2,0.161,0.006,Lissauer et al. 2013,Lissauer et al. 2011,http://exoplanet.eu/catalog/kepler-11_b/
146,Kepler-11,14.2,0.222,0.006,Lissauer et al. 2013,Lissauer et al. 2011,http://exoplanet.eu/catalog/kepler-11_f/
145,Kepler-11,14.2,0.278,0.023,Lissauer et al. 2013,Lissauer et al. 2011,http://exoplanet.eu/catalog/kepler-11_d/
147,Kepler-11,14.2,0.297,0.079,Lissauer et al. 2013,Lissauer et al. 2011,http://exoplanet.eu/catalog/kepler-11_g/
218,Kepler-74,14.23,0.96,0.63,Bonomo et al. 2015,Hebrard et al. 2013,http://exoplanet.eu/catalog/kepler-74_b/
2517,Kepler-424,14.256,0.89,1.03,Endl et al. 2014,Endl et al. 2014,http://exoplanet.eu/catalog/kepler-424_b/
1420,Kepler-117,14.274,0.719,0.094,Bruno et al. 2015,Rowe et al. 2014,http://exoplanet.eu/catalog/kepler-117_b/
1421,Kepler-117,14.274,1.101,1.84,Bruno et al. 2015,Rowe et al. 2014,http://exoplanet.eu/catalog/kepler-117_c/
2516,Kepler-423,14.29,1.192,0.595,Gandolfi et al. 2015,Endl et al. 2014,http://exoplanet.eu/catalog/kepler-423_b/
1728,Kepler-59,14.307,0.177,1.37,Steffen et al. 2013,Steffen et al. 2013,http://exoplanet.eu/catalog/kepler-59_c/
199,Kepler-59,14.307,0.098,2.05,Steffen et al. 2013,Steffen et al. 2013,http://exoplanet.eu/catalog/kepler-59_b/
3317,HATS-32,14.384,1.249,0.92,de Val-Barro et al. 2016,de Val-Barro et al. 2016,http://exoplanet.eu/catalog/hats-32_b/
1986,OGLE-TR-113,14.42,1.093,1.26,Torres et al. 2008,Bouchy et al. 2004,http://exoplanet.eu/catalog/ogle-tr-113_b/
163,Kepler-39,14.46,1.24,20.1,Bonomo et al. 2015,Bouchy et al. 2011,http://exoplanet.eu/catalog/kepler-39_b/
2526,Kepler-433,14.463,1.45,2.82,Almenara et al. 2015,Almenara et al. 2015,http://exoplanet.eu/catalog/kepler-433_b/
164,Kepler-41,14.465,1.29,0.56,Bonomo et al. 2015,Santerne et al. 2011,http://exoplanet.eu/catalog/kepler-41__b/
1713,Kepler-434,14.517,1.13,2.86,Almenara et al. 2015,Almenara et al. 2015,http://exoplanet.eu/catalog/kepler-434_b/
1696,Kepler-40,14.588,1.17,2.2,Santerne et al. 2011,Santerne et al. 2011,http://exoplanet.eu/catalog/kepler-40_b/
235,Kepler-87,14.6,0.548,0.02,Ofir et al. 2014,Ofir et al. 2014,http://exoplanet.eu/catalog/kepler-87_c/
1742,Kepler-87,14.6,1.204,1.02,Ofir et al. 2014,Ofir et al. 2014,http://exoplanet.eu/catalog/kepler-87_b/
2343,CoRoT-20,14.66,0.84,4.24,Deleuil et al. 2012,Deleuil et al. 2012,http://exoplanet.eu/catalog/corot-20_b/
180,Kepler-51,14.669,0.633,0.007,Masuda 2014,Steffen et al. 2013,http://exoplanet.eu/catalog/kepler-51_b/
181,Kepler-51,14.669,0.803,0.013,Masuda 2014,Steffen et al. 2013,http://exoplanet.eu/catalog/kepler-51_c/
168,Kepler-44,14.678,1.09,1,Bonomo et al. 2015,Bonomo et al. 2011,http://exoplanet.eu/catalog/kepler-44_b/
1706,Kepler-418,14.696,1.2,1.1,Tingley et al. 2014,Tingley et al. 2014,http://exoplanet.eu/catalog/kepler-418_b/
2512,HATS-15,14.774,1.105,2.17,Ciceri et al. 2016,Ciceri et al. 2016,http://exoplanet.eu/catalog/hats-15_b/
1326,CoRoT-8,14.8,0.57,0.22,Borde et al. 2010,Borde et al. 2010,http://exoplanet.eu/catalog/corot-8_b/
281,Kepler-80,14.804,0.244,0.02121,MacDonald et al. 2016,Xie 2013,http://exoplanet.eu/catalog/kepler-80_c/
282,Kepler-80,14.804,0.136,0.02124,MacDonald et al. 2016,Rowe et al. 2014,http://exoplanet.eu/catalog/kepler-80_d/
1737,Kepler-80,14.804,0.143,0.01299,MacDonald et al. 2016,Rowe et al. 2014,http://exoplanet.eu/catalog/kepler-80_e/
280,Kepler-80,14.804,0.238,0.0218,MacDonald et al. 2016,Xie 2013,http://exoplanet.eu/catalog/kepler-80_b/
195,Kepler-57,14.809,0.195,18.86,Steffen et al. 2013,Steffen et al. 2013,http://exoplanet.eu/catalog/kepler-57_b/
1727,Kepler-57,14.809,0.138,6.95,Steffen et al. 2013,Steffen et al. 2013,http://exoplanet.eu/catalog/kepler-57_c/
196,Kepler-58,14.82,0.248,1.39,Steffen et al. 2013,Steffen et al. 2013,http://exoplanet.eu/catalog/kepler-58_b/
197,Kepler-58,14.82,0.255,2.19,Steffen et al. 2013,Steffen et al. 2013,http://exoplanet.eu/catalog/kepler-58_c/
2461,KOI-1257,14.867,0.94,1.45,Santerne et al. 2014,Santerne et al. 2014,http://exoplanet.eu/catalog/kepler-420_a_b/
216,KOI-55,14.87,0.077,0.0021,Charpinet et al. 2011,Charpinet et al. 2011,http://exoplanet.eu/catalog/kepler-70_c/
215,KOI-55,14.87,0.068,0.0014,Charpinet et al. 2011,Charpinet et al. 2011,http://exoplanet.eu/catalog/kepler-70__b/
3277,Kepler-34,14.875,0.764,0.22,Welsh et al. 2012,Welsh et al. 2012,http://exoplanet.eu/catalog/kepler-34_%28ab%29__b/
99,Kepler-24,14.925,0.214,1.6,Ford et al. 2012,Ford et al. 2012,http://exoplanet.eu/catalog/kepler-24_b/
100,Kepler-24,14.925,0.25,1.6,Ford et al. 2012,Ford et al. 2012,http://exoplanet.eu/catalog/kepler-24_c/
1757,OGLE-TR-10,14.93,1.25,0.62,Torres et al. 2008,Konacki et al. 2005,http://exoplanet.eu/catalog/ogle-tr-10_b/
2750,Kepler-177,15,0.259,0.006,Xie 2014,Xie 2014,http://exoplanet.eu/catalog/kepler-177_b/
1276,Kepler-177,15,0.633,0.024,Xie 2014,Xie 2014,http://exoplanet.eu/catalog/kepler-177_c/
1333,CoRoT-18,15,1.31,3.47,Hebrard et al. 2011,Hebrard et al. 2011,http://exoplanet.eu/catalog/corot-18_b/
2952,Kepler-28,15.036,0.321,1.51,Steffen et al. 2012,Steffen et al. 2012,http://exoplanet.eu/catalog/kepler-28_b/
108,Kepler-28,15.036,0.303,1.36,Steffen et al. 2012,Steffen et al. 2012,http://exoplanet.eu/catalog/kepler-28_c/
1330,CoRoT-13,15.039,0.885,1.308,Cabrera et al. 2010,Cabrera et al. 2010,http://exoplanet.eu/catalog/corot-13_b/
1793,Kepler-238,15.084,0.178,0.042,Xie 2014,Xie 2014,http://exoplanet.eu/catalog/kepler-238_f/
1792,Kepler-238,15.084,0.5,0.534,Xie 2014,Xie 2014,http://exoplanet.eu/catalog/kepler-238_e/
183,Kepler-52,15.095,0.164,10.41,Steffen et al. 2013,Steffen et al. 2013,http://exoplanet.eu/catalog/kepler-52_c/
1723,Kepler-52,15.095,0.187,8.7,Steffen et al. 2013,Steffen et al. 2013,http://exoplanet.eu/catalog/kepler-52_b/
1148,GJ 1214,15.1,0.254,0.0197,Harps&oslashe et al. 2013,Charbonneau et al. 2009,http://exoplanet.eu/catalog/gj_1214_b/
33,HATS-6,15.16,0.998,0.319,Hartman et al. 2015,Hartman et al. 2015,http://exoplanet.eu/catalog/hats-6_b/
172,Kepler-47,15.178,0.27,2,Orosz et al. 2012,Orosz et al. 2012,http://exoplanet.eu/catalog/kepler-47_%28ab%29_b/
173,Kepler-47,15.178,0.411,28,Orosz et al. 2012,Orosz et al. 2012,http://exoplanet.eu/catalog/kepler-47_%28ab%29_c/
1880,Kepler-282,15.204,0.219,0.192,Xie 2014,Xie 2014,http://exoplanet.eu/catalog/kepler-282_d/
2954,Kepler-282,15.204,0.277,0.177,Xie 2014,Xie 2014,http://exoplanet.eu/catalog/kepler-282_e/
1328,CoRoT-10,15.22,0.97,2.75,Bonomo et al. 2010,Bonomo et al. 2010,http://exoplanet.eu/catalog/corot-10_b/
3043,Kepler-31,15.237,0.348,6.8,Fabrycky et al. 2012,Rowe et al. 2014,http://exoplanet.eu/catalog/kepler-31_d/
114,Kepler-31,15.237,0.473,4.7,Fabrycky et al. 2012,Fabrycky et al. 2012,http://exoplanet.eu/catalog/kepler-31_c/
170,Kepler-46,15.262,0.808,6,Nesvorny et al. 2012,Nesvorny et al. 2012,http://exoplanet.eu/catalog/kepler-46_b/
274,Kepler-75,15.264,1.05,10.1,Bonomo et al. 2015,Hebrard et al. 2013,http://exoplanet.eu/catalog/kepler-75_b/
176,Kepler-49,15.264,0.243,0.98,Steffen et al. 2013,Steffen et al. 2013,http://exoplanet.eu/catalog/kepler-49_b/
1721,Kepler-49,15.264,0.227,0.72,Steffen et al. 2013,Steffen et al. 2013,http://exoplanet.eu/catalog/kepler-49_c/
110,Kepler-29,15.282,0.28,0.01259,Jontof-Hutter et al. 2016,Fabrycky et al. 2012,http://exoplanet.eu/catalog/kepler-29_c/
109,Kepler-29,15.282,0.299,0.01419,Jontof-Hutter et al. 2016,Fabrycky et al. 2012,http://exoplanet.eu/catalog/kepler-29_b/
1984,OGLE-TR-056,15.3,1.363,1.39,Torres et al. 2008,Konacki et al. 2003,http://exoplanet.eu/catalog/ogle-tr-56_b/
1030,Kepler-223,15.344,0.41,0.0151,Mills et al. 2016,Rowe et al. 2014,http://exoplanet.eu/catalog/kepler-223_e/
1029,Kepler-223,15.344,0.307,0.01605,Mills et al. 2016,Rowe et al. 2014,http://exoplanet.eu/catalog/kepler-223_c/
1028,Kepler-223,15.344,0.267,0.02328,Mills et al. 2016,Rowe et al. 2014,http://exoplanet.eu/catalog/kepler-223_b/
831,Kepler-223,15.344,0.467,0.02517,Mills et al. 2016,Rowe et al. 2014,http://exoplanet.eu/catalog/kepler-223_d/
1869,Kepler-276,15.368,0.259,0.052,Xie 2014,Xie 2014,http://exoplanet.eu/catalog/kepler-276_c/
2949,Kepler-276,15.368,0.25,0.051,Xie 2014,Xie 2014,http://exoplanet.eu/catalog/kepler-276_d/
1724,Kepler-53,15.386,0.283,15.74,Steffen et al. 2013,Steffen et al. 2013,http://exoplanet.eu/catalog/kepler-53_c/
185,Kepler-53,15.386,0.258,18.41,Steffen et al. 2013,Steffen et al. 2013,http://exoplanet.eu/catalog/kepler-53_b/
112,Kepler-30,15.403,0.785,0.073,Sanchis-Ojeda et al. 2012,Sanchis-Ojeda et al. 2012,http://exoplanet.eu/catalog/kepler-30_d/
3039,Kepler-30,15.403,0.348,0.036,Sanchis-Ojeda et al. 2012,Sanchis-Ojeda et al. 2012,http://exoplanet.eu/catalog/kepler-30_b/
111,Kepler-30,15.403,1.097,2.01,Sanchis-Ojeda et al. 2012,Sanchis-Ojeda et al. 2012,http://exoplanet.eu/catalog/kepler-30_c/
1710,Kepler-428,15.405,1.08,1.27,H&eacute,brard et al. 2014,http://exoplanet.eu/catalog/koi-830_b/
2342,CoRoT-17,15.46,1.02,2.43,Csizmadia et al. 2011,Csizmadia et al. 2011,http://exoplanet.eu/catalog/corot-17_b/
104,Kepler-26,15.473,0.248,0.01611,Jontof-Hutter et al. 2016,Steffen et al. 2012,http://exoplanet.eu/catalog/kepler-26_b/
2886,Kepler-26,15.473,0.243,0.01951,Jontof-Hutter et al. 2016,Steffen et al. 2012,http://exoplanet.eu/catalog/kepler-26_c/
3393,K2-95,15.498,0.31,0.03458,Obermeier et al. 2016,Obermeier et al. 2016,http://exoplanet.eu/catalog/k2-95_b/
1329,CoRoT-12,15.515,1.44,0.917,Gillon et al. 2010,Gillon et al. 2010,http://exoplanet.eu/catalog/corot-12_b/
1703,Kepler-413,15.52,0.388,0.211,Kostov et al. 2014,Kostov et al. 2014,http://exoplanet.eu/catalog/kepler-413_%28ab%29_b/
1338,CoRoT-27,15.54,1.007,10.39,Parviainen et al. 2014,Parviainen et al. 2014,http://exoplanet.eu/catalog/corot-27_b/
1332,CoRoT-16,15.63,1.17,0.535,Ollivier et al. 2012,Ollivier et al. 2012,http://exoplanet.eu/catalog/corot-16_b/
1335,CoRoT-23,15.63,1.05,2.8,Rouan et al. 2012,Rouan et al. 2012,http://exoplanet.eu/catalog/corot-23_b/
2963,Kepler-328,15.674,0.482,0.124,Xie 2014,Xie 2014,http://exoplanet.eu/catalog/kepler-328_c/
1970,Kepler-328,15.674,0.205,0.09,Xie 2014,Xie 2014,http://exoplanet.eu/catalog/kepler-328_b/
2510,K2-33,15.714,0.45,3.7,Mann et al. 2016,David et al. 2016,http://exoplanet.eu/catalog/k2-33_b/
1987,OGLE-TR-132,15.72,1.2,1.18,Torres et al. 2008,Bouchy et al. 2004,http://exoplanet.eu/catalog/ogle-tr-132_b/
156,Kepler-35,15.726,0.728,0.127,Welsh et al. 2012,Welsh et al. 2012,http://exoplanet.eu/catalog/kepler-35_%28ab%29_b/
1725,Kepler-55,15.791,0.217,1.49,Steffen et al. 2013,Steffen et al. 2013,http://exoplanet.eu/catalog/kepler-55_b/
190,Kepler-55,15.791,0.197,1.11,Steffen et al. 2013,Steffen et al. 2013,http://exoplanet.eu/catalog/kepler-55_c/
1928,Kepler-305,15.812,0.321,0.033,Xie 2014,Xie 2014,http://exoplanet.eu/catalog/kepler-305_b/
1929,Kepler-305,15.812,0.294,0.019,Xie 2014,Xie 2014,http://exoplanet.eu/catalog/kepler-305_c/
187,Kepler-54,15.847,0.187,0.92,Steffen et al. 2013,Steffen et al. 2013,http://exoplanet.eu/catalog/kepler-54_b/
188,Kepler-54,15.847,0.11,0.37,Steffen et al. 2013,Steffen et al. 2013,http://exoplanet.eu/catalog/kepler-54_c/
107,Kepler-27,15.855,0.437,13.8,Steffen et al. 2012,Steffen et al. 2012,http://exoplanet.eu/catalog/kepler-27_c/
106,Kepler-27,15.855,0.357,9.11,Steffen et al. 2012,Steffen et al. 2012,http://exoplanet.eu/catalog/kepler-27_b/
1786,WTS-2,15.9,1.363,1.12,Birkby et al. 2014,Birkby et al. 2014,http://exoplanet.eu/catalog/wts-2_b/
1331,CoRoT-14,16.033,1.09,7.6,Tingley et al. 2011,Tingley et al. 2011,http://exoplanet.eu/catalog/corot-14_b/
2198,WTS-1,16.13,1.49,4.01,Cappetta et al. 2012,Cappetta et al. 2012,http://exoplanet.eu/catalog/wts-1_b/
115,Kepler-32,16.452,0.196,4.1,Fabrycky et al. 2012,Fabrycky et al. 2012,http://exoplanet.eu/catalog/kepler-32_b/
116,Kepler-32,16.452,0.178,0.5,Fabrycky et al. 2012,Fabrycky et al. 2012,http://exoplanet.eu/catalog/kepler-32_c/
169,Kepler-45,16.88,0.96,0.505,Johnson et al. 2012,Johnson et al. 2012,http://exoplanet.eu/catalog/kepler-45_b/
1760,POTS-1,17.94,0.941,2.31,Koppenhoefer et al. 2013,Koppenhoefer et al. 2013,http://exoplanet.eu/catalog/pots-1_b/
1999,SWEEPS-4,18.8,0.81,3.8,"Sahu et al., 2006","Sahu et al., 2006",http://exoplanet.eu/catalog/sweeps-04_/
984,TRAPPIST-1,18.8,0.094,0.00434,Gillon et al. 2017,Gillon et al. 2016,http://exoplanet.eu/catalog/trappist-1_c/
3440,TRAPPIST-1,18.8,0.093,0.00214,Gillon et al. 2017,Gillon et al. 2016,http://exoplanet.eu/catalog/trappist-1_f/
3441,TRAPPIST-1,18.8,0.101,0.00422,Gillon et al. 2017,Gillon et al. 2016,http://exoplanet.eu/catalog/trappist-1_g/
983,TRAPPIST-1,18.8,0.097,0.00267,Gillon et al. 2017,Gillon et al. 2016,http://exoplanet.eu/catalog/trappist-1_b/
985,TRAPPIST-1,18.8,0.069,0.00129,Gillon et al. 2017,Gillon et al. 2016,http://exoplanet.eu/catalog/trappist-1_d/
3439,TRAPPIST-1,18.8,0.082,0.00195,Gillon et al. 2017,Gillon et al. 2016,http://exoplanet.eu/catalog/trappist-1_e/
2000,SWEEPS-11,19.83,1.13,9.7,"Sahu et al., 2006","Sahu et al., 2006",http://exoplanet.eu/catalog/sweeps-11_/
